CREATE TABLE Worker (
    WORKER_ID INT NOT NULL PRIMARY KEY,
    FIRST_NAME CHAR(25),
    LAST_NAME CHAR(25),
    SALARY INT,
    JOINING_DATE TIMESTAMP,
    DEPARTMENT CHAR(25)
);

SELECT DISTINCT DEPARTMENT FROM Worker;
SELECT REPLACE(FIRST_NAME , 'A' , 'AA') FROM Worker

SELECT CONCAT(FIRST_NAME, ' ' ,LAST_NAME) AS COMPLETE_NAME FROM Worker; 

SELECT FIRST_NAME AS W_NAME FROM Worker ;
SELECT upper(FIRST_NAME) FROM Worker AS W_NAME;
SELECT DISTINCT DEPARTMENT FROM Worker; 
SELECT substring(FIRST_NAME FROM 1 for 3) FROM Worker;
SELECT FIRST_NAME FROM Worker 
WHERE FIRST_NAME LIKE ('M%') OR FIRST_NAME LIKE ('N%')
	
SELECT FIRST_NAME FROM Worker 
WHERE FIRST_NAME LIKE ('M%') OR FIRST_NAME LIKE ('N%') OR FIRST_NAME LIKE ('V%')

SELECT * FROM Worker 
	ORDER BY FIRST_NAME ASC;
SELECT * FROM Worker 
	ORDER BY FIRST_NAME ASC,DEPARTMENT DESC;

SELECT * FROM Worker
WHERE FIRST_NAME NOT IN ('Vipul' , 'Satish');
SELECT * FROM Worker
WHERE FIRST_NAME IN ('Vipul' , 'Satish');

SELECT * FROM Worker
	WHERE DEPARTMENT = 'Admin';

SELECT FIRST_NAME FROM Worker
WHERE FIRST_NAME LIKE('_i%');

SELECT * FROM Worker
WHERE FIRST_NAME BETWEEN 'a%' AND 'm%';

SELECT * FROM Worker
WHERE SALARY BETWEEN 100000 And 500000;

SELECT * FROM Worker WHERE (JOINING_DATE) < '2014-02-01' ;

SELECT DEPARTMENT ,COUNT(DEPARTMENT) FROM Worker 
WHERE DEPARTMENT IN ('Admin' , 'Account')
GROUP BY DEPARTMENT ;

SELECT DEPARTMENT ,COUNT(DEPARTMENT) FROM Worker 
GROUP BY DEPARTMENT 
ORDER BY COUNT(DEPARTMENT) DESC;

SELECT * FROM 
WHERE DEPARTMENT NOT IN ('Execuive');
SELECT FIRST_NAME FROM Worker 
WHERE SALARY >=  50000 And SALARY <= 100000;

-- Insert data into Worker table
INSERT INTO Worker 
    (WORKER_ID, FIRST_NAME, LAST_NAME, SALARY, JOINING_DATE, DEPARTMENT) VALUES
    (001, 'Monika', 'Arora', 100000, '2020-02-14 09:00:00', 'HR'),
    (002, 'Niharika', 'Verma', 80000, '2011-06-14 09:00:00', 'Admin'),
    (003, 'Vishal', 'Singhal', 300000, '2020-02-14 09:00:00', 'HR'),
    (004, 'Amitabh', 'Singh', 500000, '2020-02-14 09:00:00', 'Admin'),
    (005, 'Vivek', 'Bhati', 500000, '2011-06-14 09:00:00', 'Admin'),
    (006, 'Vipul', 'Diwan', 200000, '2011-06-14 09:00:00', 'Account'),
    (007, 'Satish', 'Kumar', 75000, '2020-01-14 09:00:00', 'Account'),
    (008, 'Geetika', 'Chauhan', 90000, '2011-04-14 09:00:00', 'Admin');

-- Create Bonus table
CREATE TABLE Bonus (
    WORKER_REF_ID INT,
    BONUS_AMOUNT INT,
    BONUS_DATE TIMESTAMP,
    FOREIGN KEY (WORKER_REF_ID) REFERENCES Worker(WORKER_ID) ON DELETE CASCADE
);

-- Insert data into Bonus table
INSERT INTO Bonus 
    (WORKER_REF_ID, BONUS_AMOUNT, BONUS_DATE) VALUES
    (001, 5000, '2020-02-16'),
    (002, 3000, '2011-06-16'),
    (003, 4000, '2020-02-16'),
    (001, 4500, '2020-02-16'),
    (002, 3500, '2011-06-16');

-- Create Title table
CREATE TABLE Title (
    WORKER_REF_ID INT,
    WORKER_TITLE CHAR(25),
    AFFECTED_FROM TIMESTAMP,
    FOREIGN KEY (WORKER_REF_ID) REFERENCES Worker(WORKER_ID) ON DELETE CASCADE
);
SELECT * FROM Title;
SELECT  WORKER_TITLE, COUNT(WORKER_TITLE) FROM Title 
GROUP BY WORKER_TITLE;

SELECT * FROM Worker
WHERE WORKER_ID NOT IN (SELECT WORKER_REF_ID FROM TITLE WHERE WORKER_TITLE = 'Executive');
	
SELECT COUNT(*) FROM Worker
WHERE JOINING_DATE > '14-01-2019'	;

SELECT DEPARTMENT , COUNT(WORKER_ID) FROM Worker
GROUP BY DEPARTMENT
HAVING COUNT(WORKER_ID) > 5;

SELECT FIRST_NAME FROM  Worker
ORDER BY SALARY DESC
LIMIT 2;

SELECT MAX(SALARY)  FROM Worker 
WHERE SALARY NOT IN (SELECT  MAX(SALARY) FROM Worker);
	
SELECT ( FIRST_NAME , MAX(DISTINCT SALARY) FROM Worker 
ORDER BY SALARY DESC
LIMIT 1 OFFSET 1;


SELECT DEPARTMENT , SUM(SALARY) FROM Worker
GROUP BY DEPARTMENT;



-- Insert data into Title table
INSERT INTO Title 
    (WORKER_REF_ID, WORKER_TITLE, AFFECTED_FROM) VALUES
    (001, 'Manager', '2016-02-20 00:00:00'),
    (002, 'Executive', '2016-06-11 00:00:00'),
    (008, 'Executive', '2016-06-11 00:00:00'),
    (005, 'Manager', '2016-06-11 00:00:00'),
    (004, 'Asst. Manager', '2016-06-11 00:00:00'),
    (007, 'Executive', '2016-06-11 00:00:00'),
    (006, 'Lead', '2016-06-11 00:00:00'),
    (003, 'Lead', '2016-06-11 00:00:00');



SELECT FIRST_NAME FROM Worker WHERE FIRST_NAME LIKE ('%a') ;


